<?xml version="1.0" encoding="UTF-8"?>
<!--
Click nbfs://nbhost/SystemFileSystem/Templates/Licenses/license-default.txt to change this license
Click nbfs://nbhost/SystemFileSystem/Templates/XML/XMLDocument.xml to edit this template
-->



<root>
    <Register>
        <field type="text">Name</field>
        <field type="text">Email</field>
        <field type="password">Password</field>
        <field type="password">Confirm Password</field>
        <field type="select" for="role">
            <sub-field>Admin</sub-field>
            <sub-field>User</sub-field>
        </field>
    </Register>
    <Login>
        <field type="text">Email</field>
        <field type="password">Password</field>    
        
    </Login>
    <Database>sdp</Database>
    <Table>user_tbl</Table>
    <OTP>
        <field type="email">authxservicesteam@gmail.com</field>
        <field type="password">naar ipqg wjlw acwy</field>
    </OTP>
</root>

